Asset,Average_Return,Risk
bitcoin,0.01406041298290912,0.1252140569429779
gold,0.0014097614453234542,0.07163896264931995
nifty,0.0032483166219488798,0.041872264098174836
